<?xml version="1.0" encoding="UTF-8"?>
<project-private xmlns="http://www.netbeans.org/ns/project-private/1">
    <editor-bookmarks xmlns="http://www.netbeans.org/ns/editor-bookmarks/2" lastBookmarkId="0"/>
    <open-files xmlns="http://www.netbeans.org/ns/projectui-open-files/2">
        <group>
            <file>file:/E:/DAM2/PSP/Unidad%202/SimulacionBarbero/src/simulacionbarbero/Cliente.java</file>
            <file>file:/E:/DAM2/PSP/Unidad%202/SimulacionBarbero/src/simulacionbarbero/Barberia.java</file>
            <file>file:/E:/DAM2/PSP/Unidad%202/SimulacionBarbero/src/simulacionbarbero/SimulacionBarbero.java</file>
            <file>file:/E:/DAM2/PSP/Unidad%202/SimulacionBarbero/src/simulacionbarbero/Barbero.java</file>
        </group>
    </open-files>
</project-private>
