[ {
  "nombre" : "pepe",
  "apellido" : "lara carrasco",
  "email" : "lara@corre",
  "poblacion" : "Miguel esteban (Toledo)",
  "telefono" : "232323232",
  "ciclo" : "DAM",
  "ordenador" : "CINCO",
  "siCarnet" : true,
  "estudios" : [ "ESO", " Bachillerato", " FP Básica", " Ciclo FP grado medio" ],
  "fechNac" : 960760800000,
  "motivacion" : "MUY_MOTIVADO",
  "hobbies" : [ "Practicar deportes (menciona deportes específicos)", " Música (tocar un instrumento musical o escuchar música)", " Jardinería", " Videojuegos", " Senderismo o actividades al aire libre" ]
}, {
  "nombre" : "ana",
  "apellido" : "casas-casas castamo",
  "email" : "sfsfsfs@fsdfasfsafsa.es",
  "poblacion" : "El toboso (Toledo)",
  "telefono" : "313123",
  "ciclo" : "DAM",
  "ordenador" : "CUATRO",
  "siCarnet" : false,
  "estudios" : [ "ESO", " Bachillerato", " FP Básica", " Ciclo FP grado medio", " Ciclo FP grado superior" ],
  "fechNac" : 897602400000,
  "motivacion" : "MODERADAMENTE_MOTIVADO",
  "hobbies" : [ "Jardinería", " Fotografía", " Ver películas o series", " Coleccionar" ]
}, {
  "nombre" : "Jorge",
  "apellido" : "Escudero Casarrubios",
  "email" : "jorge.escude.casa@gmail.com",
  "poblacion" : "Alcazar de San Juan",
  "telefono" : "657447944",
  "ciclo" : "DAM",
  "ordenador" : "TRES",
  "siCarnet" : true,
  "estudios" : [ "Bachillerato" ],
  "fechNac" : 1078786800000,
  "motivacion" : "MODERADAMENTE_MOTIVADO",
  "hobbies" : [ "Música (tocar un instrumento musical o escuchar música)", " Videojuegos", " Ver películas o series" ]
}, {
  "nombre" : "Jose María",
  "apellido" : "Cañas Tébar",
  "email" : "josemariacanastebar2004@gmail.com",
  "poblacion" : "Tomelloso (Ciudad Real)",
  "telefono" : "605392248",
  "ciclo" : "DAM",
  "ordenador" : "CUATRO",
  "siCarnet" : false,
  "estudios" : [ "ESO", " Ciclo FP grado medio" ],
  "fechNac" : 1093125600000,
  "motivacion" : "MODERADAMENTE_MOTIVADO",
  "hobbies" : [ "Música (tocar un instrumento musical o escuchar música)", " Videojuegos", " Ver películas o series", " Coleccionar" ]
}, {
  "nombre" : "Izan",
  "apellido" : "Gallego Torres",
  "email" : "izangallegotorres@gmail.com",
  "poblacion" : "Villacañas (Toledo)",
  "telefono" : "671119223",
  "ciclo" : "DAM",
  "ordenador" : "CUATRO",
  "siCarnet" : true,
  "estudios" : [ "ESO", " Ciclo FP grado medio" ],
  "fechNac" : 1066428000000,
  "motivacion" : "MUY_MOTIVADO",
  "hobbies" : [ "Practicar deportes (menciona deportes específicos)", " Videojuegos", " Ver películas o series" ]
}, {
  "nombre" : "Álvaro",
  "apellido" : "Sánchez Sesmero",
  "email" : "alvaro.schz.01@gmail.com",
  "poblacion" : "Villacañas (Toledo)",
  "telefono" : "607780222",
  "ciclo" : "DAM",
  "ordenador" : "CUATRO",
  "siCarnet" : true,
  "estudios" : [ "FP Básica", " Ciclo FP grado medio" ],
  "fechNac" : 1007420400000,
  "motivacion" : "MODERADAMENTE_MOTIVADO",
  "hobbies" : [ "Videojuegos", " Ver películas o series", " Otros" ]
}, {
  "nombre" : "Diego ",
  "apellido" : "Ramos C",
  "email" : "dramoscantarero@gmail.com",
  "poblacion" : "Quintanar de la Orden (Toledo)",
  "telefono" : "650345866",
  "ciclo" : "DAM",
  "ordenador" : "TRES",
  "siCarnet" : true,
  "estudios" : [ "ESO", "Bachillerato" ],
  "fechNac" : 1074639600000,
  "motivacion" : "MODERADAMENTE_MOTIVADO",
  "hobbies" : [ "Leer libros", "Música (tocar un instrumento musical o escuchar música)", "Videojuegos", "Ver películas o series" ]
}, {
  "nombre" : "Ricardo",
  "apellido" : "Manzanares",
  "email" : "richimanza2004@gmail.com",
  "poblacion" : "Herencia(Ciudad Real)",
  "telefono" : "640289756",
  "ciclo" : "DAM",
  "ordenador" : "TRES",
  "siCarnet" : false,
  "estudios" : [ "Bachillerato" ],
  "fechNac" : 1077058800000,
  "motivacion" : "MODERADAMENTE_MOTIVADO",
  "hobbies" : [ "Practicar deportes (menciona deportes específicos)", "Cocinar o hornear", "Videojuegos", "Otros" ]
}, {
  "nombre" : "Luis José",
  "apellido" : "Almodóvar Cañas",
  "email" : "patatacea666@gmail.com",
  "poblacion" : "Alcázar de San Juan (Ciudad Real)",
  "telefono" : "657770958",
  "ciclo" : "DAM",
  "ordenador" : "CUATRO",
  "siCarnet" : false,
  "estudios" : [ "ESO", " Bachillerato", " Ciclo FP grado superior" ],
  "fechNac" : 1079391600000,
  "motivacion" : "MODERADAMENTE_MOTIVADO",
  "hobbies" : [ "Leer libros", " Pintura o dibujo", " Música (tocar un instrumento musical o escuchar música)", " Juegos de mesa", " Videojuegos" ]
}, {
  "nombre" : "Sara",
  "apellido" : "Palomares Flores",
  "email" : "spf24spf@gmail.com",
  "poblacion" : "Alcázar de San Juan (Ciudad Real)",
  "telefono" : "636575602",
  "ciclo" : "DAM",
  "ordenador" : "CUATRO",
  "siCarnet" : true,
  "estudios" : [ "ESO", "Bachillerato" ],
  "fechNac" : 894146400000,
  "motivacion" : "MUY_MOTIVADO",
  "hobbies" : [ "Leer libros", "Practicar deportes (menciona deportes específicos)", "Música (tocar un instrumento musical o escuchar música)", "Ver películas o series" ]
}, {
  "nombre" : "Alfredo",
  "apellido" : "Agudo Mota",
  "email" : "agudo.mota1314@gmail.com",
  "poblacion" : "Tembleque",
  "telefono" : "660278516",
  "ciclo" : "DAM",
  "ordenador" : "CINCO",
  "siCarnet" : true,
  "estudios" : [ "ESO", " Ciclo FP grado medio" ],
  "fechNac" : 1061935200000,
  "motivacion" : "MODERADAMENTE_MOTIVADO",
  "hobbies" : [ "Música (tocar un instrumento musical o escuchar música)", " Videojuegos", " Ver películas o series" ]
}, {
  "nombre" : "Diego",
  "apellido" : "Carramolino R",
  "email" : "diegocarra@gmail.com",
  "poblacion" : "Alcázar de San Juan (Ciudad Real)",
  "telefono" : "658945632",
  "ciclo" : "ASIR",
  "ordenador" : "CUATRO",
  "siCarnet" : true,
  "estudios" : [ "ESO", "Bachillerato", "Otros estudios" ],
  "fechNac" : 768175200000,
  "motivacion" : "MUY_MOTIVADO",
  "hobbies" : [ "Practicar deportes (menciona deportes específicos)", "Fotografía", "Ver películas o series", "Senderismo o actividades al aire libre" ]
}, {
  "nombre" : "Alejandro",
  "apellido" : "Hidalgo Izquierdo",
  "email" : "alejan_hi@hotmail.com",
  "poblacion" : "El Toboso (Toledo)",
  "telefono" : "633096127",
  "ciclo" : "DAM",
  "ordenador" : "TRES",
  "siCarnet" : false,
  "estudios" : [ "ESO", " Bachillerato" ],
  "fechNac" : 1047942000000,
  "motivacion" : "MODERADAMENTE_MOTIVADO",
  "hobbies" : [ "Practicar deportes (menciona deportes específicos)", " Música (tocar un instrumento musical o escuchar música)", " Videojuegos", " Ver películas o series" ]
}, {
  "nombre" : "Juvenal",
  "apellido" : "Gómez Camuñas",
  "email" : "juvego2004@gmail.com",
  "poblacion" : "Villafranca de los Caballeros",
  "telefono" : "615626339",
  "ciclo" : "DAM",
  "ordenador" : "CINCO",
  "siCarnet" : false,
  "estudios" : [ "ESO", " Bachillerato" ],
  "fechNac" : 1076454000000,
  "motivacion" : "MODERADAMENTE_MOTIVADO",
  "hobbies" : [ "Hacer ejercicio", " Música (tocar un instrumento musical o escuchar música)", " Videojuegos", " Ver películas o series" ]
}, {
  "nombre" : "Teresa María",
  "apellido" : "Fontela Lorenzo",
  "email" : "terefl5.tm@gmail.com",
  "poblacion" : "Alcazar de San Juan",
  "telefono" : "747857451",
  "ciclo" : "DAM",
  "ordenador" : "CINCO",
  "siCarnet" : false,
  "estudios" : [ "ESO", "Bachillerato" ],
  "fechNac" : 1081116000000,
  "motivacion" : "MODERADAMENTE_MOTIVADO",
  "hobbies" : [ "Leer libros", "Música (tocar un instrumento musical o escuchar música)", "Videojuegos", "Ver películas o series" ]
}, {
  "nombre" : "Marcos Andres",
  "apellido" : "q",
  "email" : "marcosandresmoldovanclase@gmail.com",
  "poblacion" : "Quintanar de la Orden (Toledo)",
  "telefono" : "658303953",
  "ciclo" : "DAM",
  "ordenador" : "TRES",
  "siCarnet" : false,
  "estudios" : [ "ESO", "Ciclo FP grado medio", "Ciclo FP grado superior" ],
  "fechNac" : 1042585200000,
  "motivacion" : "MODERADAMENTE_MOTIVADO",
  "hobbies" : [ "Música (tocar un instrumento musical o escuchar música)", "Cocinar o hornear", "Fotografía", "Videojuegos", "Ver películas o series" ]
}, {
  "nombre" : "Adrian",
  "apellido" : "Rodriguez Garcia",
  "email" : "adrianrg2004@gmail.com",
  "poblacion" : "Villacañas(Toledo)",
  "telefono" : "603455826",
  "ciclo" : "DAM",
  "ordenador" : "CINCO",
  "siCarnet" : true,
  "estudios" : [ "ESO", " Ciclo FP grado medio" ],
  "fechNac" : 1084053600000,
  "motivacion" : "MUY_MOTIVADO",
  "hobbies" : [ "Hacer ejercicio", " Música (tocar un instrumento musical o escuchar música)", " Cocinar o hornear", " Videojuegos", " Ver películas o series", " Otros" ]
}, {
  "nombre" : "Manuel",
  "apellido" : "Garrido Cámara",
  "email" : "manuelgarridoc24@gmail.com ",
  "poblacion" : "Villanueva de Alcardete (Toledo)",
  "telefono" : "722620102",
  "ciclo" : "DAM",
  "ordenador" : "CINCO",
  "siCarnet" : false,
  "estudios" : [ "ESO", " Ciclo FP grado medio" ],
  "fechNac" : 1091138400000,
  "motivacion" : "MUY_MOTIVADO",
  "hobbies" : [ "Leer libros", " Hacer ejercicio", " Juegos de mesa", " Videojuegos", " Ver películas o series" ]
}, {
  "nombre" : "Cristian Liviu",
  "apellido" : "Muresan",
  "email" : "muresancristian.cm@gmail.com",
  "poblacion" : "Miguel esteban",
  "telefono" : "642475894",
  "ciclo" : "DAM",
  "ordenador" : "CINCO",
  "siCarnet" : true,
  "estudios" : [ "Ciclo FP grado superior" ],
  "fechNac" : 974415600000,
  "motivacion" : "MODERADAMENTE_MOTIVADO",
  "hobbies" : [ "Videojuegos" ]
}, {
  "nombre" : "Eduardo",
  "apellido" : "Escribano Narro",
  "email" : "educhelero13@gmail.com",
  "poblacion" : "Villafranca De Los Caballeros",
  "telefono" : "642621774",
  "ciclo" : "DAM",
  "ordenador" : "CUATRO",
  "siCarnet" : true,
  "estudios" : [ "ESO", " Ciclo FP grado medio" ],
  "fechNac" : 1018562400000,
  "motivacion" : "MUY_MOTIVADO",
  "hobbies" : [ "Leer libros", " Videojuegos", " Ver películas o series" ]
}, {
  "nombre" : "Alejandro",
  "apellido" : "García-Morato Ramos",
  "email" : "alejandrogarciamr98@gmail.com",
  "poblacion" : "Herencia (Ciudad Real)",
  "telefono" : "635993503",
  "ciclo" : "DAM",
  "ordenador" : "DOS",
  "siCarnet" : true,
  "estudios" : [ "Bachillerato" ],
  "fechNac" : 901749600000,
  "motivacion" : "MODERADAMENTE_MOTIVADO",
  "hobbies" : [ "Leer libros", " Música (tocar un instrumento musical o escuchar música)", " Juegos de mesa", " Ver películas o series" ]
}]